{"frameRate":24,"isGlobal":0,"armature":[{"skin":[{"name":"","slot":[{"display":[{"uvs":[0,0,1,0,0,1,1,1,0.44722,0.6075,0.74167,0.61,0.89167,0.4875,0.76111,0.8975,0.11389,0.9025,0.44722,0.9025,0.11667,0.6,0.11389,0.2925,0.43611,0.3,0.73056,0.285,0.73611,0,0.11667,0,0.43333,0,0.9,0.27,0.90278,0,0.89722,0.7975,0.44444,1,0,0.605,0,0.3025,1,0.255,1,0.4925,1,0.8075],"vertices":[-9,-10,9,-10,-9,10,9,10,-0.95,2.15,4.35,2.2,7.05,-0.25,4.7,7.95,-6.95,8.05,-0.95,8.05,-6.9,2,-6.95,-4.15,-1.15,-4,4.15,-4.3,4.25,-10,-6.9,-10,-1.2,-10,7.2,-4.6,7.25,-10,7.15,5.95,-1,10,-9,2.1,-9,-3.95,9,-4.9,9,-0.15,9,6.15],"edges":[0,15,15,16,16,14,14,18,18,1,3,20,20,2,2,21,21,22,22,0,1,23,23,24,24,25,25,3],"type":"mesh","transform":{"y":-1.107,"skY":-90,"skX":-90,"x":8.2269},"triangles":[5,19,6,6,19,24,17,6,24,17,24,23,18,17,23,24,19,25,18,23,1,7,20,3,25,19,3,19,7,3,5,7,19,14,13,17,17,13,6,14,17,18,13,5,6,12,4,13,14,16,13,16,12,13,13,4,5,4,9,5,5,9,7,9,20,7,10,8,4,15,11,16,10,4,12,11,10,12,16,11,12,8,2,20,8,20,9,4,8,9,21,2,8,0,22,11,0,11,15,21,8,10,11,22,10,22,21,10],"width":18,"userEdges":[],"bonePose":[4,6.123233995736766e-17,1,-1,6.123233995736766e-17,54.088079474878484,-60.731854237295465,8,6.123233995736766e-17,1,-1,6.123233995736766e-17,54.152511437865655,-50.60418572977612],"height":20,"name":"rightleg","slotPose":[1.0000000000000004,0,0,1.0000000000000004,55.195031747925164,-52.50500166890505],"weights":[1,4,1,1,4,1,1,8,1,1,8,1,2,4,0.5,8,0.5,2,4,0.4925367647440531,8,0.5074632352559468,2,4,0.513095513221477,8,0.48690448677852294,1,8,1,1,8,1,1,8,1,2,4,0.5051471927658857,8,0.49485280723411434,1,4,1,1,4,1,1,4,1,1,4,1,1,4,1,1,4,1,1,4,1,1,4,1,1,8,1,1,8,1,2,4,0.503636597363369,8,0.4963634026366311,1,4,1,1,4,1,2,4,0.5070160618914253,8,0.49298393810857466,1,8,1]}],"name":"rightleg"},{"display":[{"uvs":[0.74667,0.99676,0.74111,0.71574,0.96778,0.59861,1,0.21898,0.80611,0,0.09167,0,0,0.12546,0,0.56528,0.08278,0.72407,0.21333,0.71898,0.20111,0.99861,0.27944,0.53194,0.68444,0.53333,0.21333,0.36806,0.71278,0.36806,0.46611,0.37176,0.46833,0.53194,0.46833,0.20417,0.23722,0.16898,0.68667,0.17083,0.46833,0.09028,0.35056,0.81481,0.55111,0.81759,0.34,0.92778,0.55222,0.92685,0.68556,0.86019,0.55111,0.71691,0.35334,0.71812],"vertices":[22.2,53.65,21.7,23.3,42.1,10.65,45,-30.35,27.55,-54,-36.75,-54,-45,-40.45,-45,7.05,-37.55,24.2,-25.8,23.65,-26.9,53.85,-19.85,3.45,16.6,3.6,-25.8,-14.25,19.15,-14.25,-3.05,-13.85,-2.85,3.45,-2.85,-31.95,-23.65,-35.75,16.8,-35.55,-2.85,-44.25,-13.45,34,4.6,34.3,-14.4,46.2,4.7,46.1,16.7,38.9,4.6,23.43,-13.2,23.56],"edges":[0,1,1,2,2,3,3,4,4,5,5,6,6,7,7,8,8,9,9,10,10,0],"type":"mesh","transform":{"y":4.7675,"skY":90,"skX":90,"x":48.2737},"triangles":[1,25,0,5,20,4,14,12,2,4,19,3,19,14,3,14,2,3,12,1,2,24,10,0,20,19,4,23,10,24,19,17,14,12,26,1,22,25,1,26,22,1,25,24,0,17,15,14,16,26,12,15,16,12,15,12,14,20,17,19,22,24,25,21,23,24,21,24,22,27,21,22,27,22,26,16,27,26,13,11,15,15,11,16,11,27,16,5,18,20,13,15,17,18,13,17,20,18,17,11,9,27,10,23,21,9,10,21,27,9,21,7,8,9,13,7,11,7,9,11,6,13,18,5,6,18,6,7,13],"width":90,"userEdges":[26,1,9,27,27,26],"bonePose":[2,6.123233995736766e-17,-1,1,6.123233995736766e-17,68.3964358951147,-85.90176094317488,1,6.123233995736766e-17,-1,1,6.123233995736766e-17,68.4,-60.35],"height":108,"name":"body","slotPose":[0.9999999999999998,0,0,0.9999999999999998,73.16749033279727,-108.6237485346624],"weights":[1,1,1,1,1,1,1,2,1,1,2,1,1,2,1,1,2,1,1,2,1,1,2,1,1,2,1,1,1,1,1,1,1,1,2,1,1,2,1,1,2,1,1,2,1,1,2,1,1,2,1,1,2,1,1,2,1,1,2,1,1,2,1,1,1,1,1,1,1,1,1,1,1,1,1,1,1,1,1,1,1,1,1,1]},{"type":"image","name":"2","transform":{"skY":90,"skX":90,"x":40}},{"type":"image","name":"3","transform":{"skY":90,"skX":90,"x":40}}],"name":"body"},{"display":[{"uvs":[0,0,0,1,1,1,1,0.38276,0.74091,0.37759,0.48409,0.15,0.46136,0,0.53636,0.51724,0.65227,0.44138,0.27045,0.30345,0.27045,0.51724,0,0.51207,0,0.2931,0,0.73448,0.25455,0.7431,0.25455,0.95,0.825,0.94828,0.94091,0.85862,0.925,0.66207,0.79545,0.72931,0.91364,0.46207,0.37045,0.23621,0.36136,0.03966,0,0.03793,0.72645,0.17469],"vertices":[-11,-14.5,-11,14.5,11,14.5,11,-3.4,5.3,-3.55,-0.35,-10.15,-0.85,-14.5,0.8,0.5,3.35,-1.7,-5.05,-5.7,-5.05,0.5,-11,0.35,-11,-6,-11,6.8,-5.4,7.05,-5.4,13.05,7.15,13,9.7,10.4,9.35,4.7,6.5,6.65,9.1,-1.1,-2.85,-7.65,-3.05,-13.35,-11,-13.4,4.98,-9.43],"edges":[2,1,3,2,0,6,11,12,1,13,13,11,12,23,23,0,3,24,24,6],"type":"mesh","transform":{"y":-2.9057,"skY":-49.7139,"skX":-49.7139,"x":11.2956},"triangles":[19,17,18,16,15,2,15,1,2,17,16,2,18,17,2,4,20,3,24,4,3,18,2,3,20,18,3,19,16,17,8,19,18,8,18,20,4,8,20,14,15,19,8,7,19,19,15,16,6,5,24,7,14,19,21,8,4,5,21,4,5,4,24,21,7,8,0,22,6,22,5,6,21,9,7,9,10,7,10,14,7,22,21,5,22,23,21,23,9,21,23,12,9,0,23,22,11,13,10,11,10,9,12,11,9,10,13,14,14,13,15,13,1,15],"width":22,"userEdges":[8,20],"bonePose":[1,6.123233995736766e-17,-1,1,6.123233995736766e-17,68.4,-60.35,5,0.6556220639175376,0.7550892061899099,-0.7550892061899099,0.6556220639175376,90.94771553942675,-81.7193828631782],"height":29,"name":"lefthand","slotPose":[0.999929426156147,-0.011880349617696517,0.011880349617696517,0.999929426156147,100.54748655343845,-75.09523684844204],"weights":[1,1,1,1,1,1,1,5,1,1,5,1,1,5,1,1,5,1,1,5,1,1,5,1,1,5,1,1,5,1,1,5,1,1,1,1,1,1,1,1,1,1,1,5,1,1,5,1,1,5,1,1,5,1,1,5,1,1,5,1,1,5,1,1,5,1,1,5,1,1,1,1,1,5,1]}],"name":"lefthand"},{"display":[{"uvs":[0,0,1,0,0,1,1,1,0.42222,0.64773,0.42222,0.36136,0.43333,0.10455,0.75,0.10455,0.74722,0.36136,0.74444,0.64318,0.87222,0.54318,0.88611,0.26364,0.88611,0,0.10556,0.08636,0.11111,0.35227,0.12778,0.63864,0.10833,0.9,0.43333,0.90682,0.75556,0.91136,0.89167,0.81364,1,0.525,1,0.81591,1,0.25909,0,0.35227,0,0.65227,0.43889,1],"vertices":[-9,-11,9,-11,-9,11,9,11,-1.4,3.25,-1.4,-3.05,-1.2,-8.7,4.5,-8.7,4.45,-3.05,4.4,3.15,6.7,0.95,6.95,-5.2,6.95,-11,-7.1,-9.1,-7,-3.25,-6.7,3.05,-7.05,8.8,-1.2,8.95,4.6,9.05,7.05,6.9,9,0.55,9,6.95,9,-5.3,-9,-3.25,-9,3.35,-1.1,11],"edges":[0,12,12,1,20,21,21,3,1,22,22,20,23,0,2,24,24,23,3,25,25,2],"type":"mesh","transform":{"y":-1.0196,"skY":-90,"skX":-90,"x":7.0629},"triangles":[0,6,12,12,7,11,9,19,10,12,11,22,18,25,3,19,18,3,19,3,21,10,19,21,12,22,1,22,11,20,10,21,20,6,7,12,9,18,19,7,8,11,8,9,10,17,25,18,5,4,9,17,18,9,4,17,9,5,9,8,6,5,8,6,8,7,17,16,25,16,2,25,16,17,4,15,16,4,15,4,5,14,15,5,0,13,6,14,5,6,13,14,6,0,23,13,23,24,15,23,15,14,13,23,14,15,24,16,24,2,16,8,11,10,11,10,20],"width":18,"userEdges":[11,10],"bonePose":[3,-0.008422613783126014,0.9999645291594399,-0.9999645291594399,-0.008422613783126014,84.24591131717051,-60.78828589797953,7,-0.008422613783126014,0.9999645291594399,-0.9999645291594399,-0.008422613783126014,84.25095317446826,-51.884365910133326],"height":22,"name":"leftleg","slotPose":[0.9999645291594398,0.008422613783126073,-0.008422613783126073,0.9999645291594398,85.20602937134646,-53.71706996225505],"weights":[1,3,1,1,3,1,1,7,1,1,7,1,2,7,0.51,3,0.49,1,3,1,1,3,1,1,3,1,1,3,1,2,3,0.47621733525280374,7,0.5237826647471963,2,3,0.49816431045379167,7,0.5018356895462083,1,3,1,1,3,1,1,3,1,1,3,1,2,3,0.4975795406481165,7,0.5024204593518835,1,7,1,1,7,1,1,7,1,1,7,1,2,3,0.5001702866052342,7,0.49982971339476573,1,7,1,2,3,0.98,7,0.02,2,3,0.97,7,0.03,2,3,0.4972737236474286,7,0.5027262763525714,1,7,1]}],"name":"leftleg"},{"display":[{"uvs":[1,0,0,1,1,1,1,0.27321,0.58333,0.26786,0.5,0.30893,0.5,0.48393,0.52,0.71786,0.53,0.93393,1,0.49464,1,0.71786,1,0.71786,0.14667,0.725,0.13333,0.93393,0.12667,0.49643,0.10667,0.30714,0.28667,0.20357,0.41333,0.14107,0.40667,0,0,0.15179,0,0.31071,0,0.50179,0,0.725],"vertices":[7.5,-14,-7.5,14,7.5,14,7.5,-6.35,1.25,-6.5,0,-5.35,0,-0.45,0.3,6.1,0.45,12.15,7.5,-0.15,7.5,6.1,7.5,6.1,-5.3,6.3,-5.5,12.15,-5.6,-0.1,-5.9,-5.4,-3.2,-8.3,-1.3,-10.05,-1.4,-14,-7.5,-9.75,-7.5,-5.3,-7.5,0.05,-7.5,6.3],"edges":[2,1,0,3,3,9,10,2,9,11,11,10,18,0,20,19,21,20,1,22,22,21,18,19],"type":"mesh","transform":{"y":1.2325,"skY":-113.8531,"skX":-113.8531,"x":10.1601},